precision,recall
0.4123006833712984,1.0
0.41196581196581195,0.9986187845303868
0.4122006841505131,0.9986187845303868
0.41243582430119796,0.9986187845303868
0.4126712328767123,0.9986187845303868
0.4129069103369503,0.9986187845303868
0.41314285714285715,0.9986187845303868
0.41337907375643224,0.9986187845303868
0.41361556064073224,0.9986187845303868
0.41385231825987406,0.9986187845303868
0.41408934707903783,0.9986187845303868
0.4143266475644699,0.9986187845303868
0.41456422018348627,0.9986187845303868
0.41480206540447506,0.9986187845303868
0.4150401836969001,0.9986187845303868
0.4152785755313039,0.9986187845303868
0.41551724137931034,0.9986187845303868
0.41575618171362855,0.9986187845303868
0.4159953970080552,0.9986187845303868
0.4162348877374784,0.9986187845303868
0.41647465437788017,0.9986187845303868
0.41671469740634004,0.9986187845303868
0.41695501730103807,0.9986187845303868
0.4171956145412579,0.9986187845303868
0.4174364896073903,0.9986187845303868
0.41767764298093585,0.9986187845303868
0.41791907514450866,0.9986187845303868
0.4181607865818392,0.9986187845303868
0.4184027777777778,0.9986187845303868
0.41864504921829765,0.9986187845303868
0.41888760139049824,0.9986187845303868
0.4191304347826087,0.9986187845303868
0.4193735498839907,0.9986187845303868
0.4196169471851422,0.9986187845303868
0.41986062717770034,0.9986187845303868
0.4201045903544451,0.9986187845303868
0.42034883720930233,0.9986187845303868
0.4205933682373473,0.9986187845303868
0.42083818393480793,0.9986187845303868
0.42108328479906815,0.9986187845303868
0.42132867132867136,0.9986187845303868
0.4215743440233236,0.9986187845303868
0.4218203033838973,0.9986187845303868
0.4220665499124343,0.9986187845303868
0.4223130841121495,0.9986187845303868
0.42255990648743424,0.9986187845303868
0.42280701754385963,0.9986187845303868
0.4230544177881802,0.9986187845303868
0.42330210772833726,0.9986187845303868
0.4235500878734622,0.9986187845303868
0.42379835873388044,0.9986187845303868
0.4240469208211144,0.9986187845303868
0.4242957746478873,0.9986187845303868
0.42454492072812683,0.9986187845303868
0.42479435957696826,0.9986187845303868
0.42504409171075835,0.9986187845303868
0.4252941176470588,0.9986187845303868
0.4255444379046498,0.9986187845303868
0.42579505300353354,0.9986187845303868
0.4260459634649381,0.9986187845303868
0.42629716981132076,0.9986187845303868
0.4265486725663717,0.9986187845303868
0.4268004722550177,0.9986187845303868
0.4270525694034259,0.9986187845303868
0.42730496453900707,0.9986187845303868
0.42755765819041985,0.9986187845303868
0.427810650887574,0.9986187845303868
0.4280639431616341,0.9986187845303868
0.4283175355450237,0.9986187845303868
0.42857142857142855,0.9986187845303868
0.4288256227758007,0.9986187845303868
0.429080118694362,0.9986187845303868
0.42933491686460806,0.9986187845303868
0.4295900178253119,0.9986187845303868
0.42984542211652793,0.9986187845303868
0.43010113027959546,0.9986187845303868
0.4303571428571429,0.9986187845303868
0.4306134603930911,0.9986187845303868
0.4308700834326579,0.9986187845303868
0.43112701252236135,0.9986187845303868
0.43138424821002386,0.9986187845303868
0.4316417910447761,0.9986187845303868
0.43189964157706096,0.9986187845303868
0.43215780035863716,0.9986187845303868
0.43241626794258375,0.9986187845303868
0.4326750448833034,0.9986187845303868
0.43293413173652695,0.9986187845303868
0.43319352905931696,0.9986187845303868
0.43345323741007197,0.9986187845303868
0.4337132573485303,0.9986187845303868
0.4339735894357743,0.9986187845303868
0.43423423423423424,0.9986187845303868
0.4344951923076923,0.9986187845303868
0.43475646422128683,0.9986187845303868
0.43501805054151627,0.9986187845303868
0.43527995183624324,0.9986187845303868
0.4355421686746988,0.9986187845303868
0.4358047016274864,0.9986187845303868
0.43606755126658625,0.9986187845303868
0.43633071816535907,0.9986187845303868
0.4365942028985507,0.9986187845303868
0.4368580060422961,0.9986187845303868
0.4371221281741233,0.9986187845303868
0.43738656987295826,0.9986187845303868
0.43765133171912834,0.9986187845303868
0.43791641429436706,0.9986187845303868
0.4381818181818182,0.9986187845303868
0.43844754396604,0.9986187845303868
0.4387135922330097,0.9986187845303868
0.43897996357012753,0.9986187845303868
0.43924665856622114,0.9986187845303868
0.43951367781155015,0.9986187845303868
0.4397810218978102,0.9986187845303868
0.44004869141813757,0.9986187845303868
0.4403166869671133,0.9986187845303868
0.4405850091407678,0.9986187845303868
0.44085365853658537,0.9986187845303868
0.4405125076266016,0.9972375690607734
0.44078144078144077,0.9972375690607734
0.44105070250458156,0.9972375690607734
0.441320293398533,0.9972375690607734
0.4415902140672783,0.9972375690607734
0.4418604651162791,0.9972375690607734
0.4421310471524801,0.9972375690607734
0.4424019607843137,0.9972375690607734
0.44267320662170445,0.9972375690607734
0.4429447852760736,0.9972375690607734
0.44321669736034375,0.9972375690607734
0.44348894348894347,0.9972375690607734
0.4437615242778119,0.9972375690607734
0.4440344403444034,0.9972375690607734
0.4443076923076923,0.9972375690607734
0.4445812807881773,0.9972375690607734
0.4448552064078866,0.9972375690607734
0.44512946979038226,0.9972375690607734
0.44540407156076495,0.9972375690607734
0.445679012345679,0.9972375690607734
0.4459542927733169,0.9972375690607734
0.446229913473424,0.9972375690607734
0.44650587507730366,0.9972375690607734
0.4467821782178218,0.9972375690607734
0.4470588235294118,0.9972375690607734
0.4473358116480793,0.9972375690607734
0.4476131432114073,0.9972375690607734
0.4478908188585608,0.9972375690607734
0.44816883923029177,0.9972375690607734
0.4484472049689441,0.9972375690607734
0.4487259167184587,0.9972375690607734
0.4490049751243781,0.9972375690607734
0.4492843808338519,0.9972375690607734
0.44956413449564137,0.9972375690607734
0.44984423676012464,0.9972375690607734
0.45012468827930174,0.9972375690607734
0.4504054897067998,0.9972375690607734
0.45068664169787764,0.9972375690607734
0.4509681449094316,0.9972375690607734
0.45125,0.9972375690607734
0.4515322076297686,0.9972375690607734
0.4518147684605757,0.9972375690607734
0.45209768315591736,0.9972375690607734
0.4523809523809524,0.9972375690607734
0.4526645768025078,0.9972375690607734
0.45294855708908405,0.9972375690607734
0.45323289391086,0.9972375690607734
0.4535175879396985,0.9972375690607734
0.4538026398491515,0.9972375690607734
0.4540880503144654,0.9972375690607734
0.4543738200125865,0.9972375690607734
0.45465994962216627,0.9972375690607734
0.4549464398235665,0.9972375690607734
0.4552332912988651,0.9972375690607734
0.4555205047318612,0.9972375690607734
0.45580808080808083,0.9972375690607734
0.45609602021478207,0.9972375690607734
0.4563843236409608,0.9972375690607734
0.4566729917773561,0.9972375690607734
0.4569620253164557,0.9972375690607734
0.4572514249525016,0.9972375690607734
0.45754119138149557,0.9972375690607734
0.4578313253012048,0.9972375690607734
0.4581218274111675,0.9972375690607734
0.45841269841269844,0.9972375690607734
0.45870393900889456,0.9972375690607734
0.4589955499046408,0.9972375690607734
0.4592875318066158,0.9972375690607734
0.45957988542329725,0.9972375690607734
0.45987261146496816,0.9972375690607734
0.46016571064372214,0.9972375690607734
0.4604591836734694,0.9972375690607734
0.46075303126994255,0.9972375690607734
0.4610472541507024,0.9972375690607734
0.46134185303514375,0.9972375690607734
0.4616368286445013,0.9972375690607734
0.4619321817018554,0.9972375690607734
0.4622279129321383,0.9972375690607734
0.46252402306213963,0.9972375690607734
0.46282051282051284,0.9972375690607734
0.46311738293778065,0.9972375690607734
0.4634146341463415,0.9972375690607734
0.46371226718047526,0.9972375690607734
0.4640102827763496,0.9972375690607734
0.4643086816720257,0.9972375690607734
0.4646074646074646,0.9972375690607734
0.46490663232453316,0.9972375690607734
0.4652061855670103,0.9972375690607734
0.4655061250805932,0.9972375690607734
0.46580645161290324,0.9972375690607734
0.46610716591349255,0.9972375690607734
0.4664082687338501,0.9972375690607734
0.4667097608274079,0.9972375690607734
0.4670116429495472,0.9972375690607734
0.4673139158576052,0.9972375690607734
0.4676165803108808,0.9972375690607734
0.4679196370706416,0.9972375690607734
0.4682230869001297,0.9972375690607734
0.46852693056456846,0.9972375690607734
0.4688311688311688,0.9972375690607734
0.4691358024691358,0.9972375690607734
0.4694408322496749,0.9972375690607734
0.4697462589459987,0.9972375690607734
0.4700520833333333,0.9972375690607734
0.4703583061889251,0.9972375690607734
0.4706649282920469,0.9972375690607734
0.4709719504240052,0.9972375690607734
0.47127937336814624,0.9972375690607734
0.4715871979098628,0.9972375690607734
0.4718954248366013,0.9972375690607734
0.4722040549378679,0.9972375690607734
0.4725130890052356,0.9972375690607734
0.472822527832351,0.9972375690607734
0.47313237221494103,0.9972375690607734
0.4734426229508197,0.9972375690607734
0.473753280839895,0.9972375690607734
0.47406434668417596,0.9972375690607734
0.4743758212877792,0.9972375690607734
0.4746877054569362,0.9972375690607734
0.475,0.9972375690607734
0.47531270572745227,0.9972375690607734
0.4756258234519104,0.9972375690607734
0.4759393539881345,0.9972375690607734
0.4762532981530343,0.9972375690607734
0.4765676567656766,0.9972375690607734
0.47688243064729197,0.9972375690607734
0.47719762062128224,0.9972375690607734
0.4775132275132275,0.9972375690607734
0.47782925215089345,0.9972375690607734
0.4781456953642384,0.9972375690607734
0.4784625579854208,0.9972375690607734
0.47877984084880637,0.9972375690607734
0.47909754479097544,0.9972375690607734
0.47941567065073043,0.9972375690607734
0.479734219269103,0.9972375690607734
0.4800531914893617,0.9972375690607734
0.4803725881570193,0.9972375690607734
0.4806924101198402,0.9972375690607734
0.4810126582278481,0.9972375690607734
0.48133333333333334,0.9972375690607734
0.4816544362908606,0.9972375690607734
0.4819759679572764,0.9972375690607734
0.48229792919171677,0.9972375690607734
0.48262032085561496,0.9972375690607734
0.48294314381270903,0.9972375690607734
0.48326639892904955,0.9972375690607734
0.4835900870730074,0.9972375690607734
0.4839142091152815,0.9972375690607734
0.4835680751173709,0.9958563535911602
0.48389261744966444,0.9958563535911602
0.4842175957018133,0.9958563535911602
0.4845430107526882,0.9958563535911602
0.48486886348352387,0.9958563535911602
0.4851951547779273,0.9958563535911602
0.4855218855218855,0.9958563535911602
0.4858490566037736,0.9958563535911602
0.4861766689143628,0.9958563535911602
0.4865047233468286,0.9958563535911602
0.48683322079675895,0.9958563535911602
0.4871621621621622,0.9958563535911602
0.4874915483434753,0.9958563535911602
0.4878213802435724,0.9958563535911602
0.4881516587677725,0.9958563535911602
0.48848238482384826,0.9958563535911602
0.4888135593220339,0.9958563535911602
0.4891451831750339,0.9958563535911602
0.4894772572980312,0.9958563535911602
0.4898097826086957,0.9958563535911602
0.49014276002719237,0.9958563535911602
0.49047619047619045,0.9958563535911602
0.49081007488087136,0.9958563535911602
0.49114441416893734,0.9958563535911602
0.49147920927062033,0.9958563535911602
0.4918144611186903,0.9958563535911602
0.49215017064846417,0.9958563535911602
0.4924863387978142,0.9958563535911602
0.49282296650717705,0.9958563535911602
0.49316005471956226,0.9958563535911602
0.4934976043805613,0.9958563535911602
0.49383561643835616,0.9958563535911602
0.49417409184372857,0.9958563535911602
0.4945130315500686,0.9958563535911602
0.4948524365133837,0.9958563535911602
0.4951923076923077,0.9958563535911602
0.49553264604811,0.9958563535911602
0.4958734525447043,0.9958563535911602
0.49621472814865797,0.9958563535911602
0.4965564738292011,0.9958563535911602
0.4968986905582357,0.9958563535911602
0.49724137931034484,0.9958563535911602
0.4975845410628019,0.9958563535911602
0.4979281767955801,0.9958563535911602
0.49827228749136143,0.9958563535911602
0.49861687413554634,0.9958563535911602
0.49896193771626296,0.9958563535911602
0.49930747922437674,0.9958563535911602
0.49965349965349964,0.9958563535911602
0.5,0.9958563535911602
0.5003469812630118,0.9958563535911602
0.5006944444444444,0.9958563535911602
0.5010423905489924,0.9958563535911602
0.5013908205841446,0.9958563535911602
0.5017397355601948,0.9958563535911602
0.5020891364902507,0.9958563535911602
0.5024390243902439,0.9958563535911602
0.50278940027894,0.9958563535911602
0.5031402651779484,0.9958563535911602
0.5034916201117319,0.9958563535911602
0.5038434661076171,0.9958563535911602
0.5041958041958042,0.9958563535911602
0.5045486354093772,0.9958563535911602
0.5049019607843137,0.9958563535911602
0.5052557813594954,0.9958563535911602
0.5056100981767181,0.9958563535911602
0.5059649122807017,0.9958563535911602
0.5063202247191011,0.9958563535911602
0.5066760365425158,0.9958563535911602
0.5070323488045007,0.9958563535911602
0.5073891625615764,0.9958563535911602
0.5077464788732394,0.9958563535911602
0.5081042988019733,0.9958563535911602
0.5084626234132581,0.9958563535911602
0.5088214537755822,0.9958563535911602
0.509180790960452,0.9958563535911602
0.5095406360424029,0.9958563535911602
0.5099009900990099,0.9958563535911602
0.5102618542108988,0.9958563535911602
0.5106232294617564,0.9958563535911602
0.5109851169383416,0.9958563535911602
0.5113475177304965,0.9958563535911602
0.5117104329311568,0.9958563535911602
0.5120738636363636,0.9958563535911602
0.5124378109452736,0.9958563535911602
0.5128022759601707,0.9958563535911602
0.5131672597864768,0.9958563535911602
0.5135327635327636,0.9958563535911602
0.5138987883107626,0.9958563535911602
0.514265335235378,0.9958563535911602
0.5146324054246967,0.9958563535911602
0.515,0.9958563535911602
0.5153681200857756,0.9958563535911602
0.5157367668097281,0.9958563535911602
0.5161059413027917,0.9958563535911602
0.5164756446991404,0.9958563535911602
0.5168458781362008,0.9958563535911602
0.5172166427546628,0.9958563535911602
0.5175879396984925,0.9958563535911602
0.5179597701149425,0.9958563535911602
0.5176132278936018,0.994475138121547
0.5179856115107914,0.994475138121547
0.5183585313174947,0.994475138121547
0.5187319884726225,0.994475138121547
0.5191059841384282,0.994475138121547
0.5194805194805194,0.994475138121547
0.51985559566787,0.994475138121547
0.5202312138728323,0.994475138121547
0.5206073752711496,0.994475138121547
0.5209840810419681,0.994475138121547
0.5213613323678494,0.994475138121547
0.5217391304347826,0.994475138121547
0.5221174764321972,0.994475138121547
0.5224963715529753,0.994475138121547
0.5228758169934641,0.994475138121547
0.5232558139534884,0.994475138121547
0.5236363636363637,0.994475138121547
0.5240174672489083,0.994475138121547
0.5243991260014567,0.994475138121547
0.5247813411078717,0.994475138121547
0.5251641137855579,0.994475138121547
0.5255474452554745,0.994475138121547
0.5259313367421475,0.994475138121547
0.5263157894736842,0.994475138121547
0.5267008046817849,0.994475138121547
0.527086383601757,0.994475138121547
0.5274725274725275,0.994475138121547
0.5278592375366569,0.994475138121547
0.5282465150403521,0.994475138121547
0.5279001468428781,0.9930939226519337
0.5282880235121235,0.9930939226519337
0.5286764705882353,0.9930939226519337
0.52906548933039,0.9930939226519337
0.5294550810014728,0.9930939226519337
0.5298452468680914,0.9930939226519337
0.5302359882005899,0.9930939226519337
0.5306273062730628,0.9930939226519337
0.5310192023633677,0.9930939226519337
0.5314116777531411,0.9930939226519337
0.5318047337278107,0.9930939226519337
0.5321983715766099,0.9930939226519337
0.5325925925925926,0.9930939226519337
0.5329873980726464,0.9930939226519337
0.5333827893175074,0.9930939226519337
0.5337787676317743,0.9930939226519337
0.5341753343239227,0.9930939226519337
0.5345724907063197,0.9930939226519337
0.5349702380952381,0.9930939226519337
0.5353685778108712,0.9930939226519337
0.5357675111773472,0.9930939226519337
0.5361670395227442,0.9930939226519337
0.5365671641791044,0.9930939226519337
0.5369678864824496,0.9930939226519337
0.5373692077727952,0.9930939226519337
0.537771129394166,0.9930939226519337
0.5381736526946108,0.9930939226519337
0.5385767790262173,0.9930939226519337
0.5389805097451275,0.9930939226519337
0.5393848462115529,0.9930939226519337
0.5397897897897898,0.9930939226519337
0.5401953418482344,0.9930939226519337
0.5406015037593985,0.9930939226519337
0.5410082768999247,0.9930939226519337
0.5414156626506024,0.9930939226519337
0.5418236623963828,0.9930939226519337
0.5422322775263951,0.9930939226519337
0.5426415094339623,0.9930939226519337
0.5430513595166163,0.9930939226519337
0.5434618291761149,0.9930939226519337
0.5438729198184569,0.9930939226519337
0.5442846328538986,0.9930939226519337
0.5446969696969697,0.9930939226519337
0.5451099317664898,0.9930939226519337
0.5455235204855842,0.9930939226519337
0.5459377372817008,0.9930939226519337
0.5463525835866262,0.9930939226519337
0.5467680608365019,0.9930939226519337
0.5471841704718418,0.9930939226519337
0.5476009139375476,0.9930939226519337
0.5480182926829268,0.9930939226519337
0.5484363081617086,0.9930939226519337
0.5488549618320611,0.9930939226519337
0.5492742551566081,0.9930939226519337
0.5496941896024465,0.9930939226519337
0.550114766641163,0.9930939226519337
0.5497702909647779,0.9917127071823204
0.550191570881226,0.9917127071823204
0.5506134969325154,0.9917127071823204
0.5510360706062931,0.9917127071823204
0.5514592933947773,0.9917127071823204
0.5518831667947732,0.9917127071823204
0.5523076923076923,0.9917127071823204
0.552732871439569,0.9917127071823204
0.5531587057010786,0.9917127071823204
0.5535851966075559,0.9917127071823204
0.5540123456790124,0.9917127071823204
0.5544401544401545,0.9917127071823204
0.5548686244204019,0.9917127071823204
0.5552977571539056,0.9917127071823204
0.5557275541795665,0.9917127071823204
0.5561580170410535,0.9917127071823204
0.5558139534883721,0.9903314917127072
0.556245151280062,0.9903314917127072
0.5566770186335404,0.9903314917127072
0.5571095571095571,0.9903314917127072
0.557542768273717,0.9903314917127072
0.5579766536964981,0.9903314917127072
0.5584112149532711,0.9903314917127072
0.558846453624318,0.9903314917127072
0.5592823712948518,0.9903314917127072
0.5597189695550351,0.9903314917127072
0.56015625,0.9903314917127072
0.5605942142298671,0.9903314917127072
0.5610328638497653,0.9903314917127072
0.5614722004698512,0.9903314917127072
0.5619122257053292,0.9903314917127072
0.5623529411764706,0.9903314917127072
0.5627943485086342,0.9903314917127072
0.5632364493322859,0.9903314917127072
0.5636792452830188,0.9903314917127072
0.5641227380015735,0.9903314917127072
0.5645669291338583,0.9903314917127072
0.5650118203309693,0.9903314917127072
0.5654574132492114,0.9903314917127072
0.5659037095501184,0.9903314917127072
0.566350710900474,0.9903314917127072
0.566798418972332,0.9903314917127072
0.567246835443038,0.9903314917127072
0.5676959619952494,0.9903314917127072
0.5681458003169572,0.9903314917127072
0.5685963521015067,0.9903314917127072
0.569047619047619,0.9903314917127072
0.5694996028594123,0.9903314917127072
0.5699523052464229,0.9903314917127072
0.5704057279236276,0.9903314917127072
0.570859872611465,0.9903314917127072
0.5713147410358566,0.9903314917127072
0.5717703349282297,0.9903314917127072
0.5722266560255387,0.9903314917127072
0.5726837060702875,0.9903314917127072
0.5731414868105515,0.9903314917127072
0.5736,0.9903314917127072
0.5740592473979184,0.9903314917127072
0.5745192307692307,0.9903314917127072
0.5749799518845229,0.9903314917127072
0.5754414125200642,0.9903314917127072
0.5759036144578313,0.9903314917127072
0.5763665594855305,0.9903314917127072
0.5768302493966211,0.9903314917127072
0.5772946859903382,0.9903314917127072
0.5777598710717163,0.9903314917127072
0.5782258064516129,0.9903314917127072
0.5786924939467313,0.9903314917127072
0.5791599353796446,0.9903314917127072
0.5796281325788197,0.9903314917127072
0.5800970873786407,0.9903314917127072
0.5805668016194332,0.9903314917127072
0.5810372771474879,0.9903314917127072
0.5815085158150851,0.9903314917127072
0.5819805194805194,0.9903314917127072
0.5824532900081235,0.9903314917127072
0.5829268292682926,0.9903314917127072
0.5834011391375101,0.9903314917127072
0.5838762214983714,0.9903314917127072
0.5843520782396088,0.9903314917127072
0.5848287112561175,0.9903314917127072
0.5853061224489796,0.9903314917127072
0.5857843137254902,0.9903314917127072
0.5862632869991823,0.9903314917127072
0.5867430441898527,0.9903314917127072
0.5872235872235873,0.9903314917127072
0.5877049180327869,0.9903314917127072
0.5881870385561936,0.9903314917127072
0.5886699507389163,0.9903314917127072
0.5891536565324569,0.9903314917127072
0.5896381578947368,0.9903314917127072
0.5901234567901235,0.9903314917127072
0.5906095551894563,0.9903314917127072
0.5910964550700742,0.9903314917127072
0.5915841584158416,0.9903314917127072
0.5920726672171759,0.9903314917127072
0.5925619834710744,0.9903314917127072
0.5930521091811415,0.9903314917127072
0.5935430463576159,0.9903314917127072
0.5940347970173985,0.9903314917127072
0.5945273631840796,0.9903314917127072
0.5950207468879668,0.9903314917127072
0.595514950166113,0.9903314917127072
0.5960099750623441,0.9903314917127072
0.5965058236272879,0.9903314917127072
0.5970024979184013,0.9903314917127072
0.5975,0.9903314917127072
0.5979983319432861,0.9903314917127072
0.5984974958263773,0.9903314917127072
0.5981620718462823,0.988950276243094
0.5986622073578596,0.988950276243094
0.599163179916318,0.988950276243094
0.5996649916247906,0.988950276243094
0.6001676445934618,0.988950276243094
0.6006711409395973,0.988950276243094
0.6011754827875735,0.988950276243094
0.6016806722689075,0.988950276243094
0.6021867115222876,0.988950276243094
0.6026936026936027,0.988950276243094
0.603201347935973,0.988950276243094
0.6037099494097807,0.988950276243094
0.6042194092827005,0.988950276243094
0.6047297297297297,0.988950276243094
0.6052409129332206,0.988950276243094
0.6057529610829103,0.988950276243094
0.6062658763759525,0.988950276243094
0.6067796610169491,0.988950276243094
0.6072943172179813,0.988950276243094
0.6078098471986417,0.988950276243094
0.6083262531860663,0.988950276243094
0.608843537414966,0.988950276243094
0.6093617021276596,0.988950276243094
0.6098807495741057,0.988950276243094
0.6104006820119352,0.988950276243094
0.6109215017064846,0.988950276243094
0.6114432109308283,0.988950276243094
0.611965811965812,0.988950276243094
0.6124893071000855,0.988950276243094
0.613013698630137,0.988950276243094
0.6135389888603257,0.988950276243094
0.614065180102916,0.988950276243094
0.6145922746781116,0.988950276243094
0.6151202749140894,0.988950276243094
0.6156491831470335,0.988950276243094
0.6161790017211703,0.988950276243094
0.6167097329888027,0.988950276243094
0.6172413793103448,0.988950276243094
0.6177739430543572,0.988950276243094
0.6183074265975821,0.988950276243094
0.6188418323249784,0.988950276243094
0.6193771626297578,0.988950276243094
0.6199134199134199,0.988950276243094
0.6204506065857885,0.988950276243094
0.6209887250650477,0.988950276243094
0.6215277777777778,0.988950276243094
0.6220677671589921,0.988950276243094
0.6226086956521739,0.988950276243094
0.6231505657093125,0.988950276243094
0.6236933797909407,0.988950276243094
0.6242371403661726,0.988950276243094
0.62478184991274,0.988950276243094
0.6253275109170305,0.988950276243094
0.6258741258741258,0.988950276243094
0.626421697287839,0.988950276243094
0.626970227670753,0.988950276243094
0.6275197195442594,0.988950276243094
0.6280701754385964,0.988950276243094
0.6286215978928885,0.988950276243094
0.6291739894551845,0.988950276243094
0.6297273526824978,0.988950276243094
0.6302816901408451,0.988950276243094
0.6308370044052863,0.988950276243094
0.6313932980599647,0.988950276243094
0.6319505736981466,0.988950276243094
0.6325088339222615,0.988950276243094
0.6330680813439434,0.988950276243094
0.6336283185840708,0.988950276243094
0.633303808680248,0.9875690607734806
0.6338652482269503,0.9875690607734806
0.6335403726708074,0.9861878453038674
0.6341030195381883,0.9861878453038674
0.6346666666666667,0.9861878453038674
0.6352313167259787,0.9861878453038674
0.6357969723953696,0.9861878453038674
0.6363636363636364,0.9861878453038674
0.6369313113291704,0.9861878453038674
0.6375,0.9861878453038674
0.6380697050938338,0.9861878453038674
0.6386404293381037,0.9861878453038674
0.639212175470009,0.9861878453038674
0.6397849462365591,0.9861878453038674
0.6403587443946188,0.9861878453038674
0.6409335727109515,0.9861878453038674
0.6415094339622641,0.9861878453038674
0.6420863309352518,0.9861878453038674
0.6426642664266426,0.9861878453038674
0.6432432432432432,0.9861878453038674
0.6438232642019838,0.9861878453038674
0.644404332129964,0.9861878453038674
0.6449864498644986,0.9861878453038674
0.6455696202531646,0.9861878453038674
0.6461538461538462,0.9861878453038674
0.6467391304347826,0.9861878453038674
0.6473254759746147,0.9861878453038674
0.647912885662432,0.9861878453038674
0.6485013623978202,0.9861878453038674
0.649090909090909,0.9861878453038674
0.6496815286624203,0.9861878453038674
0.6502732240437158,0.9861878453038674
0.650865998176846,0.9861878453038674
0.6514598540145985,0.9861878453038674
0.6520547945205479,0.9861878453038674
0.6526508226691042,0.9861878453038674
0.6532479414455626,0.9861878453038674
0.6538461538461539,0.9861878453038674
0.6544454628780935,0.9861878453038674
0.655045871559633,0.9861878453038674
0.6556473829201102,0.9861878453038674
0.65625,0.9861878453038674
0.6568537258509659,0.9861878453038674
0.6574585635359116,0.9861878453038674
0.6571428571428571,0.9848066298342542
0.6577490774907749,0.9848066298342542
0.6583564173591875,0.9848066298342542
0.6589648798521257,0.9848066298342542
0.6595744680851063,0.9848066298342542
0.6601851851851852,0.9848066298342542
0.6607970342910102,0.9848066298342542
0.6614100185528757,0.9848066298342542
0.6620241411327762,0.9848066298342542
0.662639405204461,0.9848066298342542
0.6632558139534884,0.9848066298342542
0.6638733705772812,0.9848066298342542
0.6644920782851818,0.9848066298342542
0.6651119402985075,0.9848066298342542
0.6657329598506069,0.9848066298342542
0.6663551401869159,0.9848066298342542
0.6669784845650141,0.9848066298342542
0.6676029962546817,0.9848066298342542
0.6682286785379569,0.9848066298342542
0.6688555347091932,0.9848066298342542
0.6694835680751173,0.9848066298342542
0.6691729323308271,0.9834254143646409
0.6698024459078081,0.9834254143646409
0.6704331450094162,0.9834254143646409
0.6710650329877474,0.9834254143646409
0.6716981132075471,0.9834254143646409
0.67233238904627,0.9834254143646409
0.6729678638941399,0.9834254143646409
0.67360454115421,0.9834254143646409
0.6742424242424242,0.9834254143646409
0.6748815165876777,0.9834254143646409
0.6755218216318786,0.9834254143646409
0.6761633428300095,0.9834254143646409
0.6768060836501901,0.9834254143646409
0.6774500475737393,0.9834254143646409
0.6780952380952381,0.9834254143646409
0.678741658722593,0.9834254143646409
0.6784351145038168,0.9820441988950276
0.6790830945558739,0.9820441988950276
0.6797323135755258,0.9820441988950276
0.6803827751196172,0.9820441988950276
0.6810344827586207,0.9820441988950276
0.6816874400767018,0.9820441988950276
0.682341650671785,0.9820441988950276
0.6829971181556196,0.9820441988950276
0.6826923076923077,0.9806629834254144
0.6833493743984601,0.9806629834254144
0.6840077071290944,0.9806629834254144
0.6846673095467696,0.9806629834254144
0.6853281853281853,0.9806629834254144
0.6859903381642513,0.9806629834254144
0.6866537717601547,0.9806629834254144
0.6873184898354308,0.9806629834254144
0.687984496124031,0.9806629834254144
0.6886517943743938,0.9806629834254144
0.6893203883495146,0.9806629834254144
0.6899902818270165,0.9806629834254144
0.6906614785992218,0.9806629834254144
0.691333982473223,0.9806629834254144
0.6920077972709552,0.9806629834254144
0.6926829268292682,0.9806629834254144
0.693359375,0.9806629834254144
0.6940371456500489,0.9806629834254144
0.6947162426614482,0.9806629834254144
0.6953966699314398,0.9806629834254144
0.696078431372549,0.9806629834254144
0.6957801766437685,0.9792817679558011
0.6964636542239686,0.9792817679558011
0.6971484759095379,0.9792817679558011
0.6978346456692913,0.9792817679558011
0.6985221674876847,0.9792817679558011
0.6992110453648915,0.9792817679558011
0.6999012833168805,0.9792817679558011
0.700592885375494,0.9792817679558011
0.7012858555885262,0.9792817679558011
0.7019801980198019,0.9792817679558011
0.7026759167492567,0.9792817679558011
0.7033730158730159,0.9792817679558011
0.7040714995034757,0.9792817679558011
0.7047713717693836,0.9792817679558011
0.7054726368159204,0.9792817679558011
0.7061752988047809,0.9792817679558011
0.7068793619142573,0.9792817679558011
0.7075848303393214,0.9792817679558011
0.7072927072927073,0.9779005524861878
0.708,0.9779005524861878
0.7087087087087087,0.9779005524861878
0.7094188376753507,0.9779005524861878
0.7101303911735206,0.9779005524861878
0.7108433734939759,0.9779005524861878
0.7115577889447237,0.9779005524861878
0.7112676056338029,0.9765193370165746
0.7119838872104733,0.9765193370165746
0.7127016129032258,0.9765193370165746
0.7134207870837538,0.9765193370165746
0.7141414141414142,0.9765193370165746
0.7148634984833164,0.9765193370165746
0.7155870445344129,0.9765193370165746
0.7163120567375887,0.9765193370165746
0.7170385395537525,0.9765193370165746
0.7177664974619289,0.9765193370165746
0.7184959349593496,0.9765193370165746
0.7192268565615463,0.9765193370165746
0.719959266802444,0.9765193370165746
0.7206931702344547,0.9765193370165746
0.7214285714285714,0.9765193370165746
0.7221654749744637,0.9765193370165746
0.7229038854805726,0.9765193370165746
0.7236438075742068,0.9765193370165746
0.7243852459016393,0.9765193370165746
0.7251282051282051,0.9765193370165746
0.7258726899383984,0.9765193370165746
0.7255909558067831,0.9751381215469613
0.7263374485596708,0.9751381215469613
0.7270854788877446,0.9751381215469613
0.7278350515463917,0.9751381215469613
0.7285861713106295,0.9751381215469613
0.7293388429752066,0.9751381215469613
0.7300930713547052,0.9751381215469613
0.7308488612836439,0.9751381215469613
0.7316062176165803,0.9751381215469613
0.7323651452282157,0.9751381215469613
0.7331256490134995,0.9751381215469613
0.7338877338877339,0.9751381215469613
0.7346514047866806,0.9751381215469613
0.7354166666666667,0.9751381215469613
0.735140771637122,0.9737569060773481
0.7359081419624217,0.9737569060773481
0.7366771159874608,0.9737569060773481
0.7374476987447699,0.9737569060773481
0.7382198952879581,0.9737569060773481
0.7389937106918238,0.9737569060773481
0.7397691500524659,0.9737569060773481
0.740546218487395,0.9737569060773481
0.7413249211356467,0.9737569060773481
0.7421052631578947,0.9737569060773481
0.7428872497365648,0.9737569060773481
0.7436708860759493,0.9737569060773481
0.7444561774023232,0.9737569060773481
0.7452431289640592,0.9737569060773481
0.746031746031746,0.9737569060773481
0.7457627118644068,0.9723756906077348
0.7465535524920467,0.9723756906077348
0.7462845010615711,0.9709944751381215
0.7470775770456961,0.9709944751381215
0.7468085106382979,0.9696132596685083
0.7476038338658147,0.9696132596685083
0.7484008528784648,0.9696132596685083
0.7491995731056563,0.9696132596685083
0.75,0.9696132596685083
0.7508021390374332,0.9696132596685083
0.7516059957173448,0.9696132596685083
0.752411575562701,0.9696132596685083
0.7532188841201717,0.9696132596685083
0.7540279269602578,0.9696132596685083
0.7548387096774194,0.9696132596685083
0.7556512378902045,0.9696132596685083
0.7564655172413793,0.9696132596685083
0.7572815533980582,0.9696132596685083
0.7580993520518359,0.9696132596685083
0.7589189189189189,0.9696132596685083
0.7597402597402597,0.9696132596685083
0.7605633802816901,0.9696132596685083
0.7613882863340564,0.9696132596685083
0.761129207383279,0.9682320441988951
0.7619565217391304,0.9682320441988951
0.7627856365614799,0.9682320441988951
0.7636165577342048,0.9682320441988951
0.7644492911668485,0.9682320441988951
0.7652838427947598,0.9682320441988951
0.766120218579235,0.9682320441988951
0.7658643326039387,0.9668508287292817
0.7667031763417306,0.9668508287292817
0.7675438596491229,0.9668508287292817
0.7683863885839737,0.9668508287292817
0.7692307692307693,0.9668508287292817
0.77007700770077,0.9668508287292817
0.7709251101321586,0.9668508287292817
0.7717750826901875,0.9668508287292817
0.7726269315673289,0.9668508287292817
0.7734806629834254,0.9668508287292817
0.7743362831858407,0.9668508287292817
0.7751937984496124,0.9668508287292817
0.7760532150776053,0.9668508287292817
0.7758046614872364,0.9654696132596685
0.7755555555555556,0.9640883977900553
0.7764182424916574,0.9640883977900553
0.7761692650334076,0.962707182320442
0.7770345596432553,0.962707182320442
0.7779017857142857,0.962707182320442
0.7776536312849162,0.9613259668508287
0.7785234899328859,0.9613259668508287
0.7793952967525196,0.9613259668508287
0.7802690582959642,0.9613259668508287
0.7800224466891134,0.9599447513812155
0.7808988764044944,0.9599447513812155
0.78177727784027,0.9599447513812155
0.7826576576576577,0.9599447513812155
0.7835400225479143,0.9599447513812155
0.7844243792325056,0.9599447513812155
0.7853107344632768,0.9599447513812155
0.7861990950226244,0.9599447513812155
0.7870894677236693,0.9599447513812155
0.7879818594104309,0.9599447513812155
0.7888762769580022,0.9599447513812155
0.7897727272727273,0.9599447513812155
0.7906712172923777,0.9599447513812155
0.7915717539863326,0.9599447513812155
0.7924743443557583,0.9599447513812155
0.79337899543379,0.9599447513812155
0.7942857142857143,0.9599447513812155
0.7940503432494279,0.9585635359116023
0.7949599083619702,0.9585635359116023
0.7958715596330275,0.9585635359116023
0.7967853042479908,0.9585635359116023
0.7977011494252874,0.9585635359116023
0.7974683544303798,0.9571823204419889
0.7983870967741935,0.9571823204419889
0.798154555940023,0.9558011049723757
0.7990762124711316,0.9558011049723757
0.7988439306358381,0.9544198895027625
0.7997685185185185,0.9544198895027625
0.8006952491309386,0.9544198895027625
0.8016241299303944,0.9544198895027625
0.8025551684088269,0.9544198895027625
0.8034883720930233,0.9544198895027625
0.8044237485448196,0.9544198895027625
0.8053613053613053,0.9544198895027625
0.8063010501750292,0.9544198895027625
0.8072429906542056,0.9544198895027625
0.808187134502924,0.9544198895027625
0.8091334894613583,0.9544198895027625
0.8100820633059789,0.9544198895027625
0.8110328638497653,0.9544198895027625
0.8119858989424207,0.9544198895027625
0.8117647058823529,0.9530386740331491
0.8127208480565371,0.9530386740331491
0.8136792452830188,0.9530386740331491
0.8146399055489965,0.9530386740331491
0.8156028368794326,0.9530386740331491
0.8165680473372781,0.9530386740331491
0.8175355450236966,0.9530386740331491
0.8185053380782918,0.9530386740331491
0.8182897862232779,0.9516574585635359
0.8192627824019025,0.9516574585635359
0.8202380952380952,0.9516574585635359
0.8212157330154947,0.9516574585635359
0.8210023866348448,0.9502762430939227
0.8219832735961768,0.9502762430939227
0.8229665071770335,0.9502762430939227
0.822754491017964,0.9488950276243094
0.8237410071942446,0.9488950276243094
0.8247298919567827,0.9488950276243094
0.8257211538461539,0.9488950276243094
0.8267148014440433,0.9488950276243094
0.827710843373494,0.9488950276243094
0.827503015681544,0.9475138121546961
0.8285024154589372,0.9475138121546961
0.8295042321644498,0.9475138121546961
0.8305084745762712,0.9475138121546961
0.8315151515151515,0.9475138121546961
0.8325242718446602,0.9475138121546961
0.8335358444714459,0.9475138121546961
0.8333333333333334,0.9461325966850829
0.833130328867235,0.9447513812154696
0.8329268292682926,0.9433701657458563
0.8327228327228328,0.9419889502762431
0.8337408312958435,0.9419889502762431
0.8347613219094248,0.9419889502762431
0.8357843137254902,0.9419889502762431
0.8355828220858895,0.9406077348066298
0.8366093366093366,0.9406077348066298
0.8376383763837638,0.9406077348066298
0.8374384236453202,0.9392265193370166
0.8384710234278668,0.9392265193370166
0.8395061728395061,0.9392265193370166
0.8405438813349815,0.9392265193370166
0.8415841584158416,0.9392265193370166
0.8413878562577447,0.9378453038674033
0.8424317617866005,0.9378453038674033
0.8422360248447205,0.93646408839779
0.8420398009950248,0.9350828729281768
0.8430884184308842,0.9350828729281768
0.844139650872818,0.9350828729281768
0.8451935081148564,0.9350828729281768
0.84625,0.9350828729281768
0.8473091364205256,0.9350828729281768
0.8471177944862155,0.9337016574585635
0.848180677540778,0.9337016574585635
0.8479899497487438,0.9323204419889503
0.8490566037735849,0.9323204419889503
0.8501259445843828,0.9323204419889503
0.849936948297604,0.930939226519337
0.851010101010101,0.930939226519337
0.8508217446270544,0.9295580110497238
0.8518987341772152,0.9295580110497238
0.8517110266159695,0.9281767955801105
0.8515228426395939,0.9267955801104972
0.8526048284625158,0.9267955801104972
0.8536895674300254,0.9267955801104972
0.8547770700636943,0.9267955801104972
0.8545918367346939,0.925414364640884
0.8544061302681992,0.9240331491712708
0.8542199488491049,0.9226519337016574
0.8553137003841229,0.9226519337016574
0.8564102564102564,0.9226519337016574
0.8575096277278562,0.9226519337016574
0.8573264781491002,0.9212707182320442
0.8584298584298584,0.9212707182320442
0.8582474226804123,0.919889502762431
0.8593548387096774,0.919889502762431
0.8604651162790697,0.919889502762431
0.8602846054333765,0.9185082872928176
0.8613989637305699,0.9185082872928176
0.8625162127107653,0.9185082872928176
0.8623376623376623,0.9171270718232044
0.8621586475942783,0.9157458563535912
0.8619791666666666,0.914364640883978
0.863102998696219,0.914364640883978
0.8642297650130548,0.914364640883978
0.865359477124183,0.914364640883978
0.8651832460732984,0.9129834254143646
0.8663171690694627,0.9129834254143646
0.8661417322834646,0.9116022099447514
0.8672798948751642,0.9116022099447514
0.868421052631579,0.9116022099447514
0.8682476943346509,0.9102209944751382
0.8693931398416886,0.9102209944751382
0.8705416116248349,0.9102209944751382
0.8716931216931217,0.9102209944751382
0.8728476821192053,0.9102209944751382
0.8726790450928382,0.9088397790055248
0.8738379814077025,0.9088397790055248
0.875,0.9088397790055248
0.8761651131824234,0.9088397790055248
0.8773333333333333,0.9088397790055248
0.8785046728971962,0.9088397790055248
0.8796791443850267,0.9088397790055248
0.8808567603748326,0.9088397790055248
0.8820375335120644,0.9088397790055248
0.8818791946308725,0.9074585635359116
0.8830645161290323,0.9074585635359116
0.8842530282637954,0.9074585635359116
0.8854447439353099,0.9074585635359116
0.8852901484480432,0.9060773480662984
0.8864864864864865,0.9060773480662984
0.8863328822733424,0.9046961325966851
0.8875338753387534,0.9046961325966851
0.8887381275440976,0.9046961325966851
0.8899456521739131,0.9046961325966851
0.889795918367347,0.9033149171270718
0.8896457765667575,0.9019337016574586
0.8894952251023193,0.9005524861878453
0.8907103825136612,0.9005524861878453
0.8919288645690835,0.9005524861878453
0.8917808219178082,0.899171270718232
0.8916323731138546,0.8977900552486188
0.8928571428571429,0.8977900552486188
0.8927097661623109,0.8964088397790055
0.8939393939393939,0.8964088397790055
0.8951724137931034,0.8964088397790055
0.8950276243093923,0.8950276243093923
0.8962655601659751,0.8950276243093923
0.8975069252077562,0.8950276243093923
0.8987517337031901,0.8950276243093923
0.8986111111111111,0.893646408839779
0.8984700973574409,0.8922651933701657
0.8997214484679665,0.8922651933701657
0.900976290097629,0.8922651933701657
0.9022346368715084,0.8922651933701657
0.9034965034965035,0.8922651933701657
0.9033613445378151,0.8908839779005525
0.9046283309957924,0.8908839779005525
0.9058988764044944,0.8908839779005525
0.9071729957805907,0.8908839779005525
0.9084507042253521,0.8908839779005525
0.9097320169252469,0.8908839779005525
0.9096045197740112,0.8895027624309392
0.9108910891089109,0.8895027624309392
0.9121813031161473,0.8895027624309392
0.9134751773049645,0.8895027624309392
0.9147727272727273,0.8895027624309392
0.9160739687055477,0.8895027624309392
0.915954415954416,0.888121546961326
0.9158345221112696,0.8867403314917127
0.9171428571428571,0.8867403314917127
0.9184549356223176,0.8867403314917127
0.9183381088825215,0.8853591160220995
0.9196556671449068,0.8853591160220995
0.9209770114942529,0.8853591160220995
0.9223021582733812,0.8853591160220995
0.9236311239193083,0.8853591160220995
0.924963924963925,0.8853591160220995
0.9263005780346821,0.8853591160220995
0.9261939218523878,0.8839779005524862
0.9260869565217391,0.8825966850828729
0.9274310595065312,0.8825966850828729
0.9287790697674418,0.8825966850828729
0.9286754002911208,0.8812154696132597
0.9285714285714286,0.8798342541436464
0.92992700729927,0.8798342541436464
0.9298245614035088,0.8784530386740331
0.9297218155197657,0.8770718232044199
0.9310850439882697,0.8770718232044199
0.9309838472834068,0.8756906077348067
0.9323529411764706,0.8756906077348067
0.9322533136966127,0.8743093922651933
0.9336283185840708,0.8743093922651933
0.9335302806499262,0.8729281767955801
0.9349112426035503,0.8729281767955801
0.9362962962962963,0.8729281767955801
0.9362017804154302,0.8715469613259669
0.937592867756315,0.8715469613259669
0.9389880952380952,0.8715469613259669
0.940387481371088,0.8715469613259669
0.9417910447761194,0.8715469613259669
0.9431988041853513,0.8715469613259669
0.9446107784431138,0.8715469613259669
0.9445277361319341,0.8701657458563536
0.9444444444444444,0.8687845303867403
0.9458646616541353,0.8687845303867403
0.9457831325301205,0.8674033149171271
0.947209653092006,0.8674033149171271
0.9486404833836858,0.8674033149171271
0.9485627836611196,0.8660220994475138
0.9484848484848485,0.8646408839779005
0.9499241274658573,0.8646408839779005
0.9513677811550152,0.8646408839779005
0.9528158295281582,0.8646408839779005
0.9527439024390244,0.8632596685082873
0.9526717557251908,0.861878453038674
0.9541284403669725,0.861878453038674
0.9540581929555896,0.8604972375690608
0.9539877300613497,0.8591160220994475
0.9554531490015361,0.8591160220994475
0.9553846153846154,0.8577348066298343
0.9568567026194145,0.8577348066298343
0.9583333333333334,0.8577348066298343
0.9582689335394127,0.856353591160221
0.9597523219814241,0.856353591160221
0.9596899224806201,0.8549723756906077
0.9596273291925466,0.8535911602209945
0.9595645412130638,0.8522099447513812
0.9595015576323987,0.850828729281768
0.9609984399375975,0.850828729281768
0.9609375,0.8494475138121547
0.9608763693270735,0.8480662983425414
0.9608150470219435,0.8466850828729282
0.9607535321821036,0.8453038674033149
0.960691823899371,0.8439226519337016
0.9606299212598425,0.8425414364640884
0.9605678233438486,0.8411602209944752
0.9620853080568721,0.8411602209944752
0.9620253164556962,0.8397790055248618
0.9619651347068146,0.8383977900552486
0.9619047619047619,0.8370165745856354
0.9634340222575517,0.8370165745856354
0.964968152866242,0.8370165745856354
0.9649122807017544,0.835635359116022
0.9664536741214057,0.835635359116022
0.9664,0.8342541436464088
0.967948717948718,0.8342541436464088
0.9695024077046549,0.8342541436464088
0.9694533762057878,0.8328729281767956
0.9694041867954911,0.8314917127071824
0.9693548387096774,0.830110497237569
0.9693053311793215,0.8287292817679558
0.9692556634304207,0.8273480662983426
0.9692058346839546,0.8259668508287292
0.9691558441558441,0.824585635359116
0.9691056910569106,0.8232044198895028
0.9690553745928339,0.8218232044198895
0.9690048939641109,0.8204419889502762
0.9689542483660131,0.819060773480663
0.9689034369885434,0.8176795580110497
0.9688524590163935,0.8162983425414365
0.9688013136288999,0.8149171270718232
0.96875,0.81353591160221
0.9686985172981878,0.8121546961325967
0.9686468646864687,0.8107734806629834
0.9702479338842975,0.8107734806629834
0.9701986754966887,0.8093922651933702
0.9701492537313433,0.8080110497237569
0.9700996677740864,0.8066298342541437
0.9700499168053245,0.8052486187845304
0.97,0.8038674033149171
0.9699499165275459,0.8024861878453039
0.9698996655518395,0.8011049723756906
0.9698492462311558,0.7997237569060773
0.9697986577181208,0.7983425414364641
0.9697478991596639,0.7969613259668509
0.9713804713804713,0.7969613259668509
0.9713322091062394,0.7955801104972375
0.9712837837837838,0.7941988950276243
0.9712351945854484,0.7928176795580111
0.9711864406779661,0.7914364640883977
0.9711375212224108,0.7900552486187845
0.9727891156462585,0.7900552486187845
0.9727427597955707,0.7886740331491713
0.9726962457337884,0.787292817679558
0.9726495726495726,0.7859116022099447
0.9726027397260274,0.7845303867403315
0.9725557461406518,0.7831491712707183
0.9725085910652921,0.7817679558011049
0.9724612736660929,0.7803867403314917
0.9724137931034482,0.7790055248618785
0.9723661485319517,0.7776243093922652
0.972318339100346,0.7762430939226519
0.9740034662045061,0.7762430939226519
0.9739583333333334,0.7748618784530387
0.9739130434782609,0.7734806629834254
0.9738675958188153,0.7720994475138122
0.9755671902268761,0.7720994475138122
0.9755244755244755,0.7707182320441989
0.9754816112084063,0.7693370165745856
0.9754385964912281,0.7679558011049724
0.9753954305799648,0.7665745856353591
0.9753521126760564,0.7651933701657458
0.9753086419753086,0.7638121546961326
0.9770318021201413,0.7638121546961326
0.9769911504424779,0.7624309392265194
0.9769503546099291,0.761049723756906
0.9786856127886323,0.761049723756906
0.9786476868327402,0.7596685082872928
0.9786096256684492,0.7582872928176796
0.9785714285714285,0.7569060773480663
0.9785330948121646,0.755524861878453
0.978494623655914,0.7541436464088398
0.9784560143626571,0.7527624309392266
0.9784172661870504,0.7513812154696132
0.9783783783783784,0.75
0.98014440433213,0.75
0.9801084990958409,0.7486187845303868
0.980072463768116,0.7472375690607734
0.9800362976406534,0.7458563535911602
0.98,0.744475138121547
0.9799635701275046,0.7430939226519337
0.9799270072992701,0.7417127071823204
0.979890310786106,0.7403314917127072
0.9798534798534798,0.738950276243094
0.9798165137614679,0.7375690607734806
0.9797794117647058,0.7361878453038674
0.9797421731123389,0.7348066298342542
0.9797047970479705,0.7334254143646409
0.9796672828096118,0.7320441988950276
0.9796296296296296,0.7306629834254144
0.9795918367346939,0.7292817679558011
0.9795539033457249,0.7279005524861878
0.9795158286778398,0.7265193370165746
0.9794776119402985,0.7251381215469613
0.9794392523364486,0.7237569060773481
0.9794007490636704,0.7223756906077348
0.9793621013133208,0.7209944751381215
0.9793233082706767,0.7196132596685083
0.9792843691148776,0.7182320441988951
0.9811320754716981,0.7182320441988951
0.9810964083175804,0.7168508287292817
0.9829545454545454,0.7168508287292817
0.9829222011385199,0.7154696132596685
0.9828897338403042,0.7140883977900553
0.9828571428571429,0.712707182320442
0.982824427480916,0.7113259668508287
0.9847036328871893,0.7113259668508287
0.9846743295019157,0.7099447513812155
0.9846449136276392,0.7085635359116023
0.9846153846153847,0.7071823204419889
0.9845857418111753,0.7058011049723757
0.9845559845559846,0.7044198895027625
0.9845261121856866,0.7030386740331491
0.9844961240310077,0.7016574585635359
0.9864077669902913,0.7016574585635359
0.9863813229571985,0.7002762430939227
0.98635477582846,0.6988950276243094
0.98828125,0.6988950276243094
0.9882583170254403,0.6975138121546961
0.9882352941176471,0.6961325966850829
0.9882121807465619,0.6947513812154696
0.9881889763779528,0.6933701657458563
0.9881656804733728,0.6919889502762431
0.9881422924901185,0.6906077348066298
0.9881188118811881,0.6892265193370166
0.9880952380952381,0.6878453038674033
0.9880715705765407,0.68646408839779
0.9880478087649402,0.6850828729281768
0.9880239520958084,0.6837016574585635
0.988,0.6823204419889503
0.9879759519038076,0.680939226519337
0.9879518072289156,0.6795580110497238
0.9879275653923542,0.6781767955801105
0.9879032258064516,0.6767955801104972
0.9878787878787879,0.675414364640884
0.9878542510121457,0.6740331491712708
0.9878296146044625,0.6726519337016574
0.9878048780487805,0.6712707182320442
0.9877800407331976,0.669889502762431
0.9877551020408163,0.6685082872928176
0.9897750511247444,0.6685082872928176
0.9897540983606558,0.6671270718232044
0.9897330595482546,0.6657458563535912
0.9897119341563786,0.664364640883978
0.9896907216494846,0.6629834254143646
0.9896694214876033,0.6616022099447514
0.989648033126294,0.6602209944751382
0.9896265560165975,0.6588397790055248
0.9896049896049897,0.6574585635359116
0.9895833333333334,0.6560773480662984
0.9895615866388309,0.6546961325966851
0.9895397489539749,0.6533149171270718
0.989517819706499,0.6519337016574586
0.9894957983193278,0.6505524861878453
0.9894736842105263,0.649171270718232
0.989451476793249,0.6477900552486188
0.9894291754756871,0.6464088397790055
0.989406779661017,0.6450276243093923
0.9893842887473461,0.643646408839779
0.9893617021276596,0.6422651933701657
0.9893390191897654,0.6408839779005525
0.9893162393162394,0.6395027624309392
0.9892933618843683,0.638121546961326
0.9892703862660944,0.6367403314917127
0.989247311827957,0.6353591160220995
0.9892241379310345,0.6339779005524862
0.9913606911447084,0.6339779005524862
0.9913419913419913,0.6325966850828729
0.9913232104121475,0.6312154696132597
0.991304347826087,0.6298342541436464
0.9912854030501089,0.6284530386740331
0.9912663755458515,0.6270718232044199
0.9912472647702407,0.6256906077348067
0.9912280701754386,0.6243093922651933
0.9912087912087912,0.6229281767955801
0.9911894273127754,0.6215469613259669
0.9911699779249448,0.6201657458563536
0.9911504424778761,0.6187845303867403
0.9911111111111112,0.6160220994475138
0.9910913140311804,0.6146408839779005
0.9910714285714286,0.6132596685082873
0.9910514541387024,0.611878453038674
0.9910313901345291,0.6104972375690608
0.9910112359550561,0.6091160220994475
0.990990990990991,0.6077348066298343
0.9909706546275395,0.606353591160221
0.9909502262443439,0.6049723756906077
0.9909297052154195,0.6035911602209945
0.990909090909091,0.6022099447513812
0.9931662870159453,0.6022099447513812
0.9931350114416476,0.5994475138121547
0.9931192660550459,0.5980662983425414
0.993103448275862,0.5966850828729282
0.9930875576036866,0.5953038674033149
0.9930715935334873,0.5939226519337016
0.9930555555555556,0.5925414364640884
0.9930394431554525,0.5911602209944752
0.9930232558139535,0.5897790055248618
0.993006993006993,0.5883977900552486
0.9929906542056075,0.5870165745856354
0.9929742388758782,0.585635359116022
0.9929577464788732,0.5842541436464088
0.9929411764705882,0.5828729281767956
0.9929245283018868,0.5814917127071824
0.9929078014184397,0.580110497237569
0.9928909952606635,0.5787292817679558
0.9928741092636579,0.5773480662983426
0.9928571428571429,0.5759668508287292
0.9928400954653938,0.574585635359116
0.992822966507177,0.5732044198895028
0.9928057553956835,0.5718232044198895
0.9927884615384616,0.5704419889502762
0.9951807228915662,0.5704419889502762
0.9951690821256038,0.569060773480663
0.9951573849878934,0.5676795580110497
0.9951456310679612,0.5662983425414365
0.9951338199513382,0.5649171270718232
0.9951219512195122,0.56353591160221
0.9951100244498777,0.5621546961325967
0.9950980392156863,0.5607734806629834
0.995085995085995,0.5593922651933702
0.9950738916256158,0.5580110497237569
0.9950617283950617,0.5566298342541437
0.995049504950495,0.5552486187845304
0.9950372208436724,0.5538674033149171
0.9950248756218906,0.5524861878453039
0.9975062344139651,0.5524861878453039
0.9975,0.5511049723756906
0.9974937343358395,0.5497237569060773
0.9974874371859297,0.5483425414364641
0.9974811083123426,0.5469613259668509
0.9974747474747475,0.5455801104972375
0.9974683544303797,0.5441988950276243
0.9974619289340102,0.5428176795580111
0.9974554707379135,0.5414364640883977
0.9974489795918368,0.5400552486187845
0.9974424552429667,0.5386740331491713
0.9974358974358974,0.537292817679558
0.9974293059125964,0.5359116022099447
0.9974226804123711,0.5345303867403315
0.9974160206718347,0.5331491712707183
0.9974093264248705,0.5317679558011049
0.9974025974025974,0.5303867403314917
0.9973958333333334,0.5290055248618785
0.9973890339425587,0.5276243093922652
0.9973821989528796,0.5262430939226519
0.9973753280839895,0.5248618784530387
0.9973684210526316,0.5234806629834254
0.9973614775725593,0.5220994475138122
0.9973544973544973,0.5207182320441989
0.9973474801061007,0.5193370165745856
0.9973404255319149,0.5179558011049724
0.9973333333333333,0.5165745856353591
0.9973262032085561,0.5151933701657458
0.9973190348525469,0.5138121546961326
0.9973118279569892,0.5124309392265194
0.9973045822102425,0.511049723756906
0.9972972972972973,0.5096685082872928
0.997289972899729,0.5082872928176796
0.9972826086956522,0.5069060773480663
0.997275204359673,0.505524861878453
0.9972677595628415,0.5041436464088398
0.9972602739726028,0.5027624309392266
0.9972527472527473,0.5013812154696132
0.9972451790633609,0.5
0.9972375690607734,0.4986187845303867
0.997229916897507,0.4972375690607735
0.9972222222222222,0.4958563535911602
0.9972144846796658,0.494475138121547
0.9972067039106145,0.4930939226519337
0.9971988795518207,0.49171270718232046
0.9971910112359551,0.4903314917127072
0.9971830985915493,0.4889502762430939
0.9971751412429378,0.48756906077348067
0.9971671388101983,0.4861878453038674
0.9971590909090909,0.48480662983425415
0.9971509971509972,0.48342541436464087
0.9971428571428571,0.48204419889502764
0.997134670487106,0.48066298342541436
0.9971264367816092,0.47928176795580113
0.9971181556195965,0.47790055248618785
0.9971098265895953,0.47651933701657456
0.9971014492753624,0.47513812154696133
0.997093023255814,0.47375690607734805
0.9970845481049563,0.4723756906077348
0.9970760233918129,0.47099447513812154
0.9970674486803519,0.4696132596685083
0.9970588235294118,0.468232044198895
0.9970501474926253,0.46685082872928174
0.9970414201183432,0.4654696132596685
0.9970326409495549,0.46408839779005523
0.9970238095238095,0.462707182320442
0.9970149253731343,0.4613259668508287
0.9970059880239521,0.4599447513812155
0.996996996996997,0.4585635359116022
0.9969879518072289,0.457182320441989
0.9969788519637462,0.4558011049723757
0.996969696969697,0.4544198895027624
0.9969604863221885,0.4530386740331492
0.9969512195121951,0.4516574585635359
0.9969418960244648,0.45027624309392267
0.9969325153374233,0.4488950276243094
0.9969230769230769,0.44751381215469616
0.9969135802469136,0.44613259668508287
0.9969040247678018,0.4447513812154696
0.9968944099378882,0.44337016574585636
0.9968847352024922,0.4419889502762431
0.996875,0.44060773480662985
0.9968652037617555,0.43922651933701656
0.9968553459119497,0.43784530386740333
0.9968454258675079,0.43646408839779005
0.9968354430379747,0.4350828729281768
0.9968253968253968,0.43370165745856354
0.9968152866242038,0.43232044198895025
0.9968051118210862,0.430939226519337
0.9967948717948718,0.42955801104972374
0.9967845659163987,0.4281767955801105
0.9967741935483871,0.42679558011049723
0.9967637540453075,0.425414364640884
0.9967532467532467,0.4240331491712707
0.996742671009772,0.42265193370165743
0.9967320261437909,0.4212707182320442
0.9967213114754099,0.4198895027624309
0.9967105263157895,0.4185082872928177
0.9966996699669967,0.4171270718232044
0.9966887417218543,0.4157458563535912
0.9966777408637874,0.4143646408839779
0.9966666666666667,0.4129834254143646
0.9966555183946488,0.4116022099447514
0.9966442953020134,0.4102209944751381
0.9966329966329966,0.4088397790055249
0.9966216216216216,0.4074585635359116
0.9966101694915255,0.40607734806629836
0.9965986394557823,0.4046961325966851
0.9965870307167235,0.40331491712707185
0.9965753424657534,0.40193370165745856
0.9965635738831615,0.4005524861878453
0.996551724137931,0.39917127071823205
0.9965397923875432,0.39779005524861877
0.9965277777777778,0.39640883977900554
0.9965156794425087,0.39502762430939226
0.9965034965034965,0.393646408839779
0.9964912280701754,0.39226519337016574
0.9964788732394366,0.39088397790055246
0.9964664310954063,0.38950276243093923
0.9964539007092199,0.38812154696132595
0.99644128113879,0.3867403314917127
0.9964285714285714,0.38535911602209943
0.996415770609319,0.3839779005524862
0.9964028776978417,0.3825966850828729
0.9963898916967509,0.3812154696132597
0.9963768115942029,0.3798342541436464
0.9963636363636363,0.3784530386740331
0.9963503649635036,0.3770718232044199
0.9963369963369964,0.3756906077348066
0.9963235294117647,0.3743093922651934
0.996309963099631,0.3729281767955801
0.9962962962962963,0.3715469613259669
0.9962825278810409,0.3701657458563536
0.996268656716418,0.3687845303867403
0.9962546816479401,0.3674033149171271
0.9962406015037594,0.3660220994475138
0.9962264150943396,0.36464088397790057
0.9962121212121212,0.3632596685082873
0.9961977186311787,0.36187845303867405
0.9961832061068703,0.36049723756906077
0.9961685823754789,0.35911602209944754
0.9961538461538462,0.35773480662983426
0.9961389961389961,0.356353591160221
0.9961240310077519,0.35497237569060774
0.9961089494163424,0.35359116022099446
0.99609375,0.35220994475138123
0.996078431372549,0.35082872928176795
0.9960629921259843,0.3494475138121547
0.9960474308300395,0.34806629834254144
0.996031746031746,0.34668508287292815
0.9960159362549801,0.3453038674033149
0.996,0.34392265193370164
0.9959839357429718,0.3425414364640884
0.9959677419354839,0.3411602209944751
0.9959514170040485,0.3397790055248619
1.0,0.3397790055248619
1.0,0.3383977900552486
1.0,0.3370165745856354
1.0,0.3356353591160221
1.0,0.3342541436464088
1.0,0.3328729281767956
1.0,0.3314917127071823
1.0,0.3301104972375691
1.0,0.3287292817679558
1.0,0.32734806629834257
1.0,0.3259668508287293
1.0,0.324585635359116
1.0,0.32320441988950277
1.0,0.3218232044198895
1.0,0.32044198895027626
1.0,0.319060773480663
1.0,0.31767955801104975
1.0,0.31629834254143646
1.0,0.3149171270718232
1.0,0.31353591160220995
1.0,0.31215469613259667
1.0,0.31077348066298344
1.0,0.30939226519337015
1.0,0.3080110497237569
1.0,0.30662983425414364
1.0,0.3052486187845304
1.0,0.30386740331491713
1.0,0.30248618784530384
1.0,0.3011049723756906
1.0,0.29972375690607733
1.0,0.2983425414364641
1.0,0.2969613259668508
1.0,0.2955801104972376
1.0,0.2941988950276243
1.0,0.292817679558011
1.0,0.2914364640883978
1.0,0.2900552486187845
1.0,0.2886740331491713
1.0,0.287292817679558
1.0,0.28591160220994477
1.0,0.2845303867403315
1.0,0.28314917127071826
1.0,0.281767955801105
1.0,0.2803867403314917
1.0,0.27900552486187846
1.0,0.2776243093922652
1.0,0.27624309392265195
1.0,0.27486187845303867
1.0,0.27348066298342544
1.0,0.27209944751381215
1.0,0.27071823204419887
1.0,0.26933701657458564
1.0,0.26795580110497236
1.0,0.26657458563535913
1.0,0.26519337016574585
1.0,0.2638121546961326
1.0,0.26243093922651933
1.0,0.2610497237569061
1.0,0.2596685082872928
1.0,0.25828729281767954
1.0,0.2569060773480663
1.0,0.255524861878453
1.0,0.2541436464088398
1.0,0.2527624309392265
1.0,0.2513812154696133
1.0,0.25
1.0,0.24861878453038674
1.0,0.2472375690607735
1.0,0.24585635359116023
1.0,0.24447513812154695
1.0,0.2430939226519337
1.0,0.24171270718232044
1.0,0.24033149171270718
1.0,0.23895027624309392
1.0,0.23756906077348067
1.0,0.2361878453038674
1.0,0.23480662983425415
1.0,0.23342541436464087
1.0,0.23204419889502761
1.0,0.23066298342541436
1.0,0.2292817679558011
1.0,0.22790055248618785
1.0,0.2265193370165746
1.0,0.22513812154696133
1.0,0.22375690607734808
1.0,0.2223756906077348
1.0,0.22099447513812154
1.0,0.21961325966850828
1.0,0.21823204419889503
1.0,0.21685082872928177
1.0,0.2154696132596685
1.0,0.21408839779005526
1.0,0.212707182320442
1.0,0.21132596685082872
1.0,0.20994475138121546
1.0,0.2085635359116022
1.0,0.20718232044198895
1.0,0.2058011049723757
1.0,0.20441988950276244
1.0,0.20303867403314918
1.0,0.20165745856353592
1.0,0.20027624309392264
1.0,0.19889502762430938
1.0,0.19751381215469613
1.0,0.19613259668508287
1.0,0.19475138121546962
1.0,0.19337016574585636
1.0,0.1919889502762431
1.0,0.18922651933701656
1.0,0.1878453038674033
1.0,0.18646408839779005
1.0,0.1850828729281768
1.0,0.18370165745856354
1.0,0.18232044198895028
1.0,0.18093922651933703
1.0,0.17955801104972377
1.0,0.1781767955801105
1.0,0.17679558011049723
1.0,0.17541436464088397
1.0,0.17403314917127072
1.0,0.17265193370165746
1.0,0.1712707182320442
1.0,0.16988950276243095
1.0,0.1685082872928177
1.0,0.1671270718232044
1.0,0.16574585635359115
1.0,0.1643646408839779
1.0,0.16298342541436464
1.0,0.16160220994475138
1.0,0.16022099447513813
1.0,0.15883977900552487
1.0,0.1574585635359116
1.0,0.15607734806629833
1.0,0.15469613259668508
1.0,0.15331491712707182
1.0,0.15193370165745856
1.0,0.1505524861878453
1.0,0.14917127071823205
1.0,0.1477900552486188
1.0,0.1464088397790055
1.0,0.14502762430939226
1.0,0.143646408839779
1.0,0.14226519337016574
1.0,0.1408839779005525
1.0,0.13950276243093923
1.0,0.13812154696132597
1.0,0.13674033149171272
1.0,0.13535911602209943
1.0,0.13397790055248618
1.0,0.13259668508287292
1.0,0.13121546961325967
1.0,0.12845303867403315
1.0,0.1270718232044199
1.0,0.12569060773480664
1.0,0.12430939226519337
1.0,0.12292817679558012
1.0,0.12154696132596685
1.0,0.12016574585635359
1.0,0.11878453038674033
1.0,0.11740331491712708
1.0,0.11602209944751381
1.0,0.11464088397790055
1.0,0.1132596685082873
1.0,0.11187845303867404
1.0,0.11049723756906077
1.0,0.10911602209944751
1.0,0.106353591160221
1.0,0.10497237569060773
1.0,0.10359116022099447
1.0,0.10220994475138122
1.0,0.10082872928176796
1.0,0.09944751381215469
1.0,0.09806629834254144
1.0,0.09668508287292818
1.0,0.09530386740331492
1.0,0.09392265193370165
1.0,0.0925414364640884
1.0,0.09116022099447514
1.0,0.08977900552486189
1.0,0.08839779005524862
1.0,0.08701657458563536
1.0,0.0856353591160221
1.0,0.08425414364640885
1.0,0.08287292817679558
1.0,0.08149171270718232
1.0,0.08011049723756906
1.0,0.0787292817679558
1.0,0.07734806629834254
1.0,0.07596685082872928
1.0,0.07320441988950276
1.0,0.0718232044198895
1.0,0.07044198895027624
1.0,0.06906077348066299
1.0,0.06629834254143646
1.0,0.0649171270718232
1.0,0.06353591160220995
1.0,0.062154696132596686
1.0,0.06077348066298342
1.0,0.05939226519337017
1.0,0.058011049723756904
1.0,0.05662983425414365
1.0,0.055248618784530384
1.0,0.05386740331491713
1.0,0.05110497237569061
1.0,0.049723756906077346
1.0,0.04834254143646409
1.0,0.04696132596685083
1.0,0.04558011049723757
1.0,0.04419889502762431
1.0,0.04281767955801105
1.0,0.04143646408839779
1.0,0.04005524861878453
1.0,0.03867403314917127
1.0,0.03729281767955801
1.0,0.03591160220994475
1.0,0.034530386740331494
1.0,0.03314917127071823
1.0,0.031767955801104975
1.0,0.03038674033149171
1.0,0.029005524861878452
1.0,0.027624309392265192
1.0,0.026243093922651933
1.0,0.024861878453038673
1.0,0.023480662983425413
1.0,0.022099447513812154
1.0,0.020718232044198894
1.0,0.017955801104972375
1.0,0.016574585635359115
1.0,0.015193370165745856
1.0,0.013812154696132596
1.0,0.012430939226519336
1.0,0.011049723756906077
1.0,0.009668508287292817
1.0,0.008287292817679558
1.0,0.006906077348066298
1.0,0.0055248618784530384
1.0,0.0027624309392265192
1.0,0.0
